Date time,Page Type,Parsing Link,Meta Title,Meta Description,Main Title H1,Main content
"10.08.2025, 17:25:39",index,https://miceleader.travel/blog/,Блог | Mice Leader,Description is missing!,Блог,"<div class=""parsed-content"">Content is missing!</div>"
"10.08.2025, 17:25:41",single,https://miceleader.travel/aktsijni-pereloty-v-biznes-klasi/,Акційні перельоти в бізнес-класі! | Mice Leader,Description is missing!,Акційні перельоти в бізнес-класі!,"<div class=""parsed-content"">Content is missing!</div>"
"10.08.2025, 17:25:42",single,https://miceleader.travel/v-ukraini-pochaly-diiaty-novi-pravyla-aviaperevezen/,В Україні почали діяти нові правила авіаперевезень | Mice Leader,Description is missing!,В Україні почали діяти нові правила авіаперевезень,"<div class=""parsed-content"">Content is missing!</div>"
"10.08.2025, 17:25:44",single,https://miceleader.travel/radisni-novyny-z-omanu/,Радісні новини з Оману! | Mice Leader,Description is missing!,Радісні новини з Оману!,"<div class=""parsed-content"">Content is missing!</div>"
"10.08.2025, 17:25:45",single,https://miceleader.travel/hirskolyzhni-kurorty-u-bolharii-chornohorii-turechchyni/,"Гірськолижні курорти у Болгарії, Чорногорії, Туреччині | Mice Leader",Description is missing!,"Гірськолижні курорти у Болгарії, Чорногорії, Туреччині","<div class=""parsed-content"">Content is missing!</div>"
"10.08.2025, 17:25:47",single,https://miceleader.travel/potrokhu-vse-povertaietsia-do-normalnoho-zhyttia/,Потроху все повертається до нормального життя... | Mice Leader,Description is missing!,Потроху все повертається до нормального життя…,"<div class=""parsed-content"">Content is missing!</div>"
"10.08.2025, 17:25:48",single,https://miceleader.travel/vidpochynok-v-osinno-zymovyj-period-podali-vid-batkivshchyny/,Відпочинок в осінньо-зимовий період подалі від Батьківщини) | Mice Leader,Description is missing!,Відпочинок в осінньо-зимовий період подалі від Батьківщини),"<div class=""parsed-content"">Content is missing!</div>"
"10.08.2025, 17:25:50",single,https://miceleader.travel/dosi-mriiaiesh-pro-maldivy/,Досі мріяєш про Мальдіви? | Mice Leader,Description is missing!,Досі мріяєш про Мальдіви?,"<div class=""parsed-content"">Content is missing!</div>"
"10.08.2025, 17:25:51",single,https://miceleader.travel/vsim-podorozhuiuchym-do-iehyptu/,Всім подорожуючим до Єгипту! | Mice Leader,Description is missing!,Всім подорожуючим до Єгипту!,"<div class=""parsed-content"">Content is missing!</div>"
"10.08.2025, 17:25:53",single,https://miceleader.travel/koh-rong/,Koh Rong | Mice Leader,Description is missing!,Koh Rong,"<div class=""parsed-content"">Content is missing!</div>"
"10.08.2025, 17:25:54",home,https://miceleader.travel/,Mice Leader | Найкраще агентство ділового туризму в Україні.,"Діловий туризм! Організація ділових поїздок, бізнес турів у поєднанні з високоякісним відпочинком для співробітників.",МICE LEADER,"<div class=""parsed-content"">ефективність ваших буднів в будь-якій точці світу</div>"
"10.08.2025, 17:25:56",page,https://miceleader.travel/contact-us/,Contact us | Mice Leader,Description is missing!,h1 title is missing!,"<div class=""parsed-content"">Content is missing!</div>"
"10.08.2025, 17:25:57",page,https://miceleader.travel/my-account/,Мій обліковий запис | Mice Leader,Description is missing!,Мій обліковий запис,"<div class=""parsed-content"">Content is missing!</div>"
"10.08.2025, 17:25:59",archive,https://miceleader.travel/portfolio/,Портфолио Архів | Mice Leader,Description is missing!,Portfolio,"<div class=""parsed-content"">Content is missing!</div>"
"10.08.2025, 17:26:00",page,https://miceleader.travel/about-us-3/,About us | Mice Leader,Description is missing!,About us,"<div class=""parsed-content"">Content is missing!</div>"
"10.08.2025, 17:26:02",page,https://miceleader.travel/novyny/,Новини | Mice Leader,Description is missing!,Новини,"<div class=""parsed-content"">Content is missing!</div>"
"10.08.2025, 17:26:04",home,https://miceleader.travel/author/lavytory/,Mice Leader | Найкраще агентство ділового туризму в Україні.,"Діловий туризм! Організація ділових поїздок, бізнес турів у поєднанні з високоякісним відпочинком для співробітників.",МICE LEADER,"<div class=""parsed-content"">ефективність ваших буднів в будь-якій точці світу</div>"